{"cameraMode":{"drawMode":0,"name":"Shaded","section":"Shading Mode"},"sceneLighting":false,"audioPlay":false,"sceneViewState":{"m_AlwaysRefresh":false,"showFog":false,"showSkybox":false,"showFlares":false,"showImageEffects":false,"showParticleSystems":false,"showVisualEffectGraphs":true,"m_FxEnabled":true},"in2DMode":false,"pivot":{"x":0.28382015228271487,"y":6.93679141998291,"z":0.27324485778808596},"rotation":{"x":0.07341190427541733,"y":-0.12919026613235475,"z":-0.009590564295649529,"w":-0.9888712763786316},"size":10.642716407775879,"orthographic":false}