{"cameraMode":{"drawMode":0,"name":"Shaded","section":"Shading Mode"},"sceneLighting":true,"audioPlay":false,"sceneViewState":{"m_AlwaysRefresh":false,"showFog":false,"showSkybox":false,"showFlares":false,"showImageEffects":false,"showParticleSystems":false,"showVisualEffectGraphs":true,"m_FxEnabled":true},"in2DMode":false,"pivot":{"x":0.4962308406829834,"y":1.2490051984786988,"z":0.28987419605255129},"rotation":{"x":0.07341190427541733,"y":-0.12919026613235475,"z":-0.009590564295649529,"w":-0.9888712763786316},"size":1.6219202280044556,"orthographic":false}