{"cameraMode":{"drawMode":0,"name":"Shaded","section":"Shading Mode"},"sceneLighting":true,"audioPlay":false,"sceneViewState":{"m_AlwaysRefresh":false,"showFog":false,"showSkybox":false,"showFlares":false,"showImageEffects":false,"showParticleSystems":false,"showVisualEffectGraphs":true,"m_FxEnabled":true},"in2DMode":false,"pivot":{"x":0.2636564075946808,"y":0.1667930781841278,"z":0.08640089631080628},"rotation":{"x":0.04132583737373352,"y":0.053927429020404819,"z":-0.0022329753264784815,"w":0.9976903200149536},"size":0.3377641439437866,"orthographic":false}