{"cameraMode":{"drawMode":0,"name":"Shaded","section":"Shading Mode"},"sceneLighting":true,"audioPlay":false,"sceneViewState":{"m_AlwaysRefresh":false,"showFog":false,"showSkybox":false,"showFlares":false,"showImageEffects":false,"showParticleSystems":false,"showVisualEffectGraphs":true,"m_FxEnabled":true},"in2DMode":false,"pivot":{"x":0.008949235081672669,"y":1.7708395719528199,"z":0.7149711847305298},"rotation":{"x":0.03225259110331535,"y":0.092817522585392,"z":-0.0030073702801018955,"w":0.9951619505882263},"size":2.5910768508911135,"orthographic":false}