{"cameraMode":{"drawMode":0,"name":"Shaded","section":"Shading Mode"},"sceneLighting":true,"audioPlay":false,"sceneViewState":{"m_AlwaysRefresh":false,"showFog":false,"showSkybox":false,"showFlares":false,"showImageEffects":false,"showParticleSystems":false,"showVisualEffectGraphs":true,"m_FxEnabled":true},"in2DMode":false,"pivot":{"x":0.041481684893369678,"y":1.1520774364471436,"z":-0.37952253222465517},"rotation":{"x":0.02586531825363636,"y":0.13364705443382264,"z":0.0034895536955446007,"w":-0.9907041192054749},"size":1.1381272077560425,"orthographic":false}