{"cameraMode":{"drawMode":0,"name":"Shaded","section":"Shading Mode"},"sceneLighting":false,"audioPlay":false,"sceneViewState":{"m_AlwaysRefresh":false,"showFog":false,"showSkybox":false,"showFlares":false,"showImageEffects":false,"showParticleSystems":false,"showVisualEffectGraphs":true,"m_FxEnabled":true},"in2DMode":false,"pivot":{"x":-0.21622171998023988,"y":0.2663936913013458,"z":-0.22730277478694917},"rotation":{"x":0.1366727501153946,"y":-0.6397066116333008,"z":0.11700145900249481,"w":0.7472705841064453},"size":0.2784513831138611,"orthographic":false}